{"max": [0.009, 0.772, 0.0393938], "centroid": [-0.6908625567974777, 0.5286577428064445, -0.49259326512901397], "id": "cf7c2cfb403f2819548cdb167cc8bdd", "numVertices": 21422, "min": [-1.391, 0.0, -1.02439]}
